id,audio_filename,azimuth_elevation,joint_0,joint_1,joint_2,joint_3,joint_4,joint_5
0,1589308245.9229627,-51.812846593813795 17.963670008734923 0.5005268429538308,20.527472527472526,-0.06593406593407282,49.96714285714288,-1.6263736263736348,0.00010575165237014517,0.1340945014765853
1,1589308264.4881103,-2.6736574079299564 17.9303992089241 0.5021332511693606,17.890109890109894,0.1098901098901024,2.4946153846154004,0.04395604395605801,0.00010575165237014517,0.1340945014765853
2,1589308286.2922332,39.976379161335565 15.950257726923164 0.5009129985041306,15.604395604395593,-0.06593406593407282,-38.560329670329644,-0.21978021978023324,0.00010575165237014517,0.1340945014765853
3,1589308295.8752122,-49.61982660691046 9.405609432005935 0.498977015682944,-5.758241758241752,-0.241758241758248,49.96714285714288,10.065934065934073,0.00010575165237014517,0.1340945014765853
4,1589308313.6953466,-0.9933017623519746 17.501268009826 0.5021013170615045,17.450549450549456,-0.06593406593407282,0.9121978021978236,0.04395604395605801,0.00010575165237014517,0.1340945014765853
5,1589308322.9693913,37.09764794851282 16.452960862100547 0.501086310199682,16.043956043956058,0.021978021978014798,-35.65923076923077,-0.21978021978023324,0.00010575165237014517,0.1340945014765853
